{
  "formatVersion": 1,
  "database": {
    "version": 1,
    "identityHash": "b6307f41b023c5725342985348a1ff28",
    "entities": [
      {
        "tableName": "words",
        "createSql": "CREATE TABLE IF NOT EXISTS `${TABLE_NAME}` (`idTest` INTEGER PRIMARY KEY AUTOINCREMENT NOT NULL, `nativeTest` TEXT NOT NULL, `transTest` TEXT NOT NULL)",
        "fields": [
          {
            "fieldPath": "idTest",
            "columnName": "idTest",
            "affinity": "INTEGER",
            "notNull": true
          },
          {
            "fieldPath": "nativeTest",
            "columnName": "nativeTest",
            "affinity": "TEXT",
            "notNull": true
          },
          {
            "fieldPath": "transTest",
            "columnName": "transTest",
            "affinity": "TEXT",
            "notNull": true
          }
        ],
        "primaryKey": {
          "columnNames": [
            "idTest"
          ],
          "autoGenerate": true
        },
        "indices": [],
        "foreignKeys": []
      }
    ],
    "views": [],
    "setupQueries": [
      "CREATE TABLE IF NOT EXISTS room_master_table (id INTEGER PRIMARY KEY,identity_hash TEXT)",
      "INSERT OR REPLACE INTO room_master_table (id,identity_hash) VALUES(42, 'b6307f41b023c5725342985348a1ff28')"
    ]
  }
}