{
  "formatVersion": 1,
  "database": {
    "version": 1,
    "identityHash": "dd06b329a2d3d986f85c4482b268d6a8",
    "entities": [
      {
        "tableName": "words",
        "createSql": "CREATE TABLE IF NOT EXISTS `${TABLE_NAME}` (`id` INTEGER PRIMARY KEY AUTOINCREMENT NOT NULL, `p1_1621174283` TEXT NOT NULL, `translation` TEXT NOT NULL)",
        "fields": [
          {
            "fieldPath": "id",
            "columnName": "id",
            "affinity": "INTEGER",
            "notNull": true
          },
          {
            "fieldPath": "p1_1621174283",
            "columnName": "p1_1621174283",
            "affinity": "TEXT",
            "notNull": true
          },
          {
            "fieldPath": "translation",
            "columnName": "translation",
            "affinity": "TEXT",
            "notNull": true
          }
        ],
        "primaryKey": {
          "columnNames": [
            "id"
          ],
          "autoGenerate": true
        },
        "indices": [],
        "foreignKeys": []
      }
    ],
    "views": [],
    "setupQueries": [
      "CREATE TABLE IF NOT EXISTS room_master_table (id INTEGER PRIMARY KEY,identity_hash TEXT)",
      "INSERT OR REPLACE INTO room_master_table (id,identity_hash) VALUES(42, 'dd06b329a2d3d986f85c4482b268d6a8')"
    ]
  }
}